{
    "loss": 0.00831038411706686,
    "accuracy": 0.9796099066734314
}