{
    "loss": 0.08484626561403275,
    "accuracy": 0.9751772880554199,
    "pred": 